epoch,loss_total,loss_data,loss_physics,val_mae_mm
1,2.49947573,0.01042914,0.35745812,23.5118
2,1.01960219,0.00425409,0.14592562,20.1210
3,0.65796223,0.00271522,0.10811752,15.8450
4,0.58296018,0.00240063,0.09815761,16.2417
5,0.46123684,0.00189943,0.07763620,14.9216
